name	submodule	source_path	status	inv	role	changes
how	-	-	original	U	Router over the whole set	workflow descriptions for readiness, evidence, and four-concern review
grill-me	mattpocock-skills	skills/productivity/grill-me	imported	U	Interview to align before building	verbatim
grill-with-docs	mattpocock-skills	skills/engineering/grill-with-docs	imported	U	Grill + GLOSSARY.md/ADRs inline	verbatim
implement	mattpocock-skills	skills/engineering/implement	imported	U	Light-track build	+ verification-before-completion gate; applicable evidence and proportionate checks; working-tree review from recorded base
writing-plans	superpowers	skills/writing-plans	imported	U	Evidence-backed plans → docs/plans/	user-invoked; optional worktree; docs/plans path; grilling refs; SDD-only handoff; readiness and independent design review; ADR/glossary sources; outcome verification; ready/provisional slices; design-reviewer prompt
subagent-driven-development	superpowers	skills/subagent-driven-development	imported	U	Heavy-track execution engine	user-invoked; optional worktree; no alternate executor; docs/plans examples; code-review axes; verification gate; stop-before-merge; evidence records and proportionate checks in implementer prompt; four-concern task and scoped re-review prompts; committed agreement baseline; fixed execution review base; readiness-gated task extraction; per-task decision/evidence context; bounded consequential decisions; durable evidence and blocking completion gates
using-git-worktrees	superpowers	skills/using-git-worktrees	imported	U	Optional isolation for heavy work	user-invoked
handoff	mattpocock-skills	skills/productivity/handoff	imported	U	Compact session → handoff doc	verbatim
wait-what	mattpocock-skills	skills/productivity/wait-what	imported	U	Re-pitch an explanation that did not land	verbatim
improve-codebase-architecture	mattpocock-skills	skills/engineering/improve-codebase-architecture	imported	U	Deep-module sweep + report	verbatim
writing-for-agents	mattpocock-skills	skills/productivity/writing-for-agents	imported	M	Guidance for documents agents consume	verbatim
grilling	mattpocock-skills	skills/productivity/grilling	imported	M	The reusable interview loop	outcome and ownership investigation; bounded experiments; explicit consequential decisions
tdd	mattpocock-skills	skills/engineering/tdd	imported	M	Seams-based red-green loop	verbatim
code-review	mattpocock-skills	skills/engineering/code-review	imported	M	Two reviewers covering correctness, design, evidence, and standards	tracker setup/spec lookup → local spec lookup; four concerns across existing reviewers; ADR/plan agreement sources; working-tree and untracked review
receiving-code-review	superpowers	skills/receiving-code-review	imported	M	Rigor when subagent review feedback arrives	description rescoped; feedback classification; dependency-scoped decisions; durable updates
verification-before-completion	superpowers	skills/verification-before-completion	imported	M	Universal completion gate	applicable evidence reuse; risk-based check scope; inspectable evidence records
systematic-debugging	superpowers	skills/systematic-debugging	imported	M	4-phase root-cause debugging	refs → tdd, verification-before-completion
dispatching-parallel-agents	superpowers	skills/dispatching-parallel-agents	imported	M	Concurrent subagent workflows	verbatim
domain-modeling	mattpocock-skills	skills/engineering/domain-modeling	imported	M	Glossary + ADR discipline	ADR supersession; glossary/ADR/plan responsibility split
codebase-design	mattpocock-skills	skills/engineering/codebase-design	imported	M	Deep-module vocabulary	verbatim
resolving-merge-conflicts	mattpocock-skills	skills/engineering/resolving-merge-conflicts	dropped	-	-	dropped: removed upstream at daa01d8; merge and commit remain user-owned
research	mattpocock-skills	skills/engineering/research	imported	M	Cited findings → Markdown in repo	verbatim
brainstorming	superpowers	skills/brainstorming	dropped	-	-	dropped: replaced by grilling
executing-plans	superpowers	skills/executing-plans	dropped	-	-	dropped: superseded by implement
finishing-a-development-branch	superpowers	skills/finishing-a-development-branch	dropped	-	-	dropped: user owns merge and cleanup
requesting-code-review	superpowers	skills/requesting-code-review	dropped	-	-	dropped: replaced by code-review
test-driven-development	superpowers	skills/test-driven-development	dropped	-	-	dropped: replaced by seams-based tdd
using-superpowers	superpowers	skills/using-superpowers	dropped	-	-	dropped: no bootstrap hook by design
writing-skills	superpowers	skills/writing-skills	dropped	-	-	dropped: replaced by writing-for-agents
diagnosing-superpowers	superpowers	skills/diagnosing-superpowers	dropped	-	-	dropped: upstream-specific session diagnostics outside the curated tracks
to-spec	mattpocock-skills	skills/engineering/to-spec	dropped	-	-	dropped: user requested removal
implement-spec	mattpocock-skills	skills/in-progress/implement-spec	dropped	-	-	dropped: in-progress tracker/PR flow with automatic subagent merges
retro	mattpocock-skills	skills/in-progress/retro	dropped	-	-	dropped: in-progress workflow outside the curated tracks
pr	mattpocock-skills	skills/engineering/pr	dropped	-	-	dropped: user handles PR bodies manually
to-questionnaire	mattpocock-skills	skills/productivity/to-questionnaire	dropped	-	-	dropped: outside the curated engineering tracks
ask-matt	mattpocock-skills	skills/engineering/ask-matt	dropped	-	-	dropped: replaced by how
diagnosing-bugs	mattpocock-skills	skills/engineering/diagnosing-bugs	dropped	-	-	dropped: replaced by systematic-debugging
prototype	mattpocock-skills	skills/engineering/prototype	dropped	-	-	dropped: not needed
setup-matt-pocock-skills	mattpocock-skills	skills/engineering/setup-matt-pocock-skills	dropped	-	-	dropped: no tracker setup needed
to-tickets	mattpocock-skills	skills/engineering/to-tickets	dropped	-	-	dropped: no issue tracker
triage	mattpocock-skills	skills/engineering/triage	dropped	-	-	dropped: no issue tracker
wayfinder	mattpocock-skills	skills/engineering/wayfinder	dropped	-	-	dropped: not needed
teach	mattpocock-skills	skills/productivity/teach	dropped	-	-	dropped: not needed
